{
    "type": "PowerTurret",
    "name": "electronic arc",
    "Description": "-_-",
    "health": 7777,
	"damage": 9999999
    "category": "turret",
    "size": 1,
    "reload": 0.7,
    "shootCone": 40,
	"shootType": "lancerLaser"
	"shootEffect": "lancerLaserShoot",
    "smokeEffect": "lancerLaserShootSmoke",
    "chargeEffect": "lancerLaserCharge",
    "chargeBeginEffect": "lancerLaserChargeBegin",
    "rotateSpeed": 100,
    "powerUse": 0,
    "targetAir": true,
    "targetGround": true,
    "range": 200,
    "heatColor": "Color.black",
    "recoil": 1,
    "research": "arc",
    "shootSound": "laser",
    "requirements": [
        {"item": "audamantium-legendary", "amount": 1},
    ]
}